kind,model,id,repeat,judge_error,judge_latency_s,judge_raw,factual_correctness,completeness,instruction_following,relevance,hallucination,basis,judge_total
sample,A,1,0,,1.868,"{
""factual_correctness"": 2,
""completeness"": 2,
""instruction_following"": 2,
""relevance"": 2,
""hallucination"": false,
""basis"": {
""factual_correctness"": ""Описание события точно отражает событие, которое произошло в системе."",
""completeness"": ""Объяснение включает метку, уверенность и причину, все необходимые элементы присутствуют."",
""instruction_following"": ""Ответ соответствует формату JSON и соблюдает ограничения на краткость."",
""relevance"": ""Ответ сфокусирован на классификации события как normal или suspicious.""
}
}",2.0,2.0,2.0,2.0,False,"{""factual_correctness"": ""Описание события точно отражает событие, которое произошло в системе."", ""completeness"": ""Объяснение включает метку, уверенность и причину, все необходимые элементы присутствуют."", ""instruction_following"": ""Ответ соответствует формату JSON и соблюдает ограничения на краткость."", ""relevance"": ""Ответ сфокусирован на классификации события как normal или suspicious.""}",8.0
sample,A,2,0,,1.9353,"{
""factual_correctness"": 2,
""completeness"": 2,
""instruction_following"": 2,
""relevance"": 2,
""hallucination"": false,
""basis"": {
""factual_correctness"": ""Ответ точно отражает факт о последовательности неудачных входов и последующем успешном входе с новым IP."",
""completeness"": ""Объяснение включает в себя метку, уровень уверенности и причину, все необходимые элементы присутствуют."",
""instruction_following"": ""Формат ответа соответствует требованиям: это JSON-объект с указанными полями."",
""relevance"": ""Ответ сфокусирован на классификации события как 'suspicious', что является задачей.""
}
}",2.0,2.0,2.0,2.0,False,"{""factual_correctness"": ""Ответ точно отражает факт о последовательности неудачных входов и последующем успешном входе с новым IP."", ""completeness"": ""Объяснение включает в себя метку, уровень уверенности и причину, все необходимые элементы присутствуют."", ""instruction_following"": ""Формат ответа соответствует требованиям: это JSON-объект с указанными полями."", ""relevance"": ""Ответ сфокусирован на классификации события как 'suspicious', что является задачей.""}",8.0
sample,A,5,0,,1.801,"{
""factual_correctness"": 2,
""completeness"": 2,
""instruction_following"": 2,
""relevance"": 2,
""hallucination"": false,
""basis"": {
""factual_correctness"": ""Описание события точно отражает стандартную процедуру смены пароля с использованием двухфакторной аутентификации."",
""completeness"": ""Ответ включает метку, уровень уверенности и объяснение, все необходимые элементы присутствуют."",
""instruction_following"": ""Формат ответа соответствует требованиям: JSON-объект с указанными полями."",
""relevance"": ""Ответ сфокусирован на классификации события как 'normal', что является целью задачи.""
}
}",2.0,2.0,2.0,2.0,False,"{""factual_correctness"": ""Описание события точно отражает стандартную процедуру смены пароля с использованием двухфакторной аутентификации."", ""completeness"": ""Ответ включает метку, уровень уверенности и объяснение, все необходимые элементы присутствуют."", ""instruction_following"": ""Формат ответа соответствует требованиям: JSON-объект с указанными полями."", ""relevance"": ""Ответ сфокусирован на классификации события как 'normal', что является целью задачи.""}",8.0
sample,A,13,0,,1.8277,"{
""factual_correctness"": 2,
""completeness"": 1,
""instruction_following"": 2,
""relevance"": 2,
""hallucination"": false,
""basis"": {
""factual_correctness"": ""Описание события соответствует фактам, без выдумок."",
""completeness"": ""Ответ включает метку, уверенность и причину, но 'confidence' не был рассчитан на основе существенных признаков события."",
""instruction_following"": ""Формат ответа следует инструкциям, хотя confidence должен быть основан на анализе пользователя или системе."",
""relevance"": ""Ответ сфокусирован на описываемом событии, которое является обычной активностью пользователя.""
}
}",2.0,1.0,2.0,2.0,False,"{""factual_correctness"": ""Описание события соответствует фактам, без выдумок."", ""completeness"": ""Ответ включает метку, уверенность и причину, но 'confidence' не был рассчитан на основе существенных признаков события."", ""instruction_following"": ""Формат ответа следует инструкциям, хотя confidence должен быть основан на анализе пользователя или системе."", ""relevance"": ""Ответ сфокусирован на описываемом событии, которое является обычной активностью пользователя.""}",7.0
sample,A,14,0,,1.7792,"{
""factual_correctness"": 2,
""completeness"": 2,
""instruction_following"": 2,
""relevance"": 2,
""hallucination"": false,
""basis"": {
""factual_correctness"": ""Описание события точно отражает наблюдаемую активность в модели."",
""completeness"": ""Ответ включает метку, уверенность и причину, соответствуя требованиям задачи."",
""instruction_following"": ""Модель следовала инструкциям, предоставляя ответ в требуемом формате JSON с необходимой информацией."",
""relevance"": ""Ответ сфокусирован на классификации события как 'suspicious', что является прямым ответом на задачу.""
}
}",2.0,2.0,2.0,2.0,False,"{""factual_correctness"": ""Описание события точно отражает наблюдаемую активность в модели."", ""completeness"": ""Ответ включает метку, уверенность и причину, соответствуя требованиям задачи."", ""instruction_following"": ""Модель следовала инструкциям, предоставляя ответ в требуемом формате JSON с необходимой информацией."", ""relevance"": ""Ответ сфокусирован на классификации события как 'suspicious', что является прямым ответом на задачу.""}",8.0
sample,A,20,0,,2.1384,"```json
{
  ""factual_correctness"": 2,
  ""completeness"": 2,
  ""instruction_following"": 2,
  ""relevance"": 2,
  ""hallucination"": false,
  ""basis"": {
    ""factual_correctness"": ""Основной вывод верен, так как это может быть подозрительная активность."",
    ""completeness"": ""Все обязательные элементы включены: метка, уверенность и объяснение на основе существенных признаков события."",
    ""instruction_following"": ""Инструкция соблюдена полностью: классифицировано событие как 'suspicious' с высоким уровнем уверенности и кратким объяснением."",
    ""relevance"": ""Ответ сфокусирован на задаче, сосредоточившись на подозрительной природе действия.""
  }
}
```",2.0,2.0,2.0,2.0,False,"{""factual_correctness"": ""Основной вывод верен, так как это может быть подозрительная активность."", ""completeness"": ""Все обязательные элементы включены: метка, уверенность и объяснение на основе существенных признаков события."", ""instruction_following"": ""Инструкция соблюдена полностью: классифицировано событие как 'suspicious' с высоким уровнем уверенности и кратким объяснением."", ""relevance"": ""Ответ сфокусирован на задаче, сосредоточившись на подозрительной природе действия.""}",8.0
sample,A,22,0,,2.1595,"{
""factual_correctness"": 2,
""completeness"": 2,
""instruction_following"": 1,
""relevance"": 2,
""hallucination"": false,
""basis"": {
""factual_correctness"": ""Описание события точно отражает факт, что неудачные входы с разных IP-адресов за короткий промежуток времени и последующий успешный вход могут указывать на атаку."",
""completeness"": ""Ответ включает метку (label), уровень уверенности (confidence) и причину (reason)."",
""instruction_following"": ""Формат правильный, но confidence может быть более точной, например, 1.0 или 0.99."",
""relevance"": ""Ответ сфокусирован на описании события, указывая его как 'suspicious'.""
}
}",2.0,2.0,1.0,2.0,False,"{""factual_correctness"": ""Описание события точно отражает факт, что неудачные входы с разных IP-адресов за короткий промежуток времени и последующий успешный вход могут указывать на атаку."", ""completeness"": ""Ответ включает метку (label), уровень уверенности (confidence) и причину (reason)."", ""instruction_following"": ""Формат правильный, но confidence может быть более точной, например, 1.0 или 0.99."", ""relevance"": ""Ответ сфокусирован на описании события, указывая его как 'suspicious'.""}",7.0
sample,A,25,0,,1.8733,"{
""factual_correctness"": 2,
""completeness"": 2,
""instruction_following"": 2,
""relevance"": 2,
""hallucination"": false,
""basis"": {
""factual_correctness"": ""Описание события точно отражает, что файл mimikatz.exe был обнаружен антивирусом во время согласованного тестирования на проникновение."",
""completeness"": ""Ответ включает метку (normal), уровень уверенности (1.0) и объяснение (reason)."",
""instruction_following"": ""Формат ответа соответствует требованиям, предоставляя фактическую информацию кратко и ясно."",
""relevance"": ""Ответ сфокусирован на классификации события ИБ как normal.""
}
}",2.0,2.0,2.0,2.0,False,"{""factual_correctness"": ""Описание события точно отражает, что файл mimikatz.exe был обнаружен антивирусом во время согласованного тестирования на проникновение."", ""completeness"": ""Ответ включает метку (normal), уровень уверенности (1.0) и объяснение (reason)."", ""instruction_following"": ""Формат ответа соответствует требованиям, предоставляя фактическую информацию кратко и ясно."", ""relevance"": ""Ответ сфокусирован на классификации события ИБ как normal.""}",8.0
sample,A,29,0,,1.9985,"{
""factual_correctness"": 2,
""completeness"": 2,
""instruction_following"": 2,
""relevance"": 2,
""hallucination"": false,
""basis"": {
""factual_correctness"": ""Описание события точно отражает, что новый смартфон был зарегистрирован в MDM и прошёл MFA, указывая на обычную корпоративную активность."",
""completeness"": ""Ответ включает метку (label), уровень уверенности (confidence) и причину (reason), полностью соответствуя инструкциям."",
""instruction_following"": ""Формат ответа соответствует требуемому JSON-формату с необходимыми полями."",
""relevance"": ""Ответ сфокусирован на классификации события как normal, основываясь на предоставленной информации.""
}
}",2.0,2.0,2.0,2.0,False,"{""factual_correctness"": ""Описание события точно отражает, что новый смартфон был зарегистрирован в MDM и прошёл MFA, указывая на обычную корпоративную активность."", ""completeness"": ""Ответ включает метку (label), уровень уверенности (confidence) и причину (reason), полностью соответствуя инструкциям."", ""instruction_following"": ""Формат ответа соответствует требуемому JSON-формату с необходимыми полями."", ""relevance"": ""Ответ сфокусирован на классификации события как normal, основываясь на предоставленной информации.""}",8.0
sample,A,30,0,,1.8231,"{""factual_correctness"": 2, ""completeness"": 2, ""instruction_following"": 2, ""relevance"": 2, ""hallucination"": false, ""basis"": {""factual_correctness"": ""Описание события точно отражает предоставленный ответ без выдуманных фактов."", ""completeness"": ""Ответ включает обязательные элементы: метку, уровень уверенности и объяснение, опираясь на существенные признаки события."", ""instruction_following"": ""Формат ответа соответствует требованиям JSON с правильными полями."", ""relevance"": ""Ответ сфокусирован исключительно на классификации неудачного входа в учётную запись генерального директора как 'suspicious'.""}}",2.0,2.0,2.0,2.0,False,"{""factual_correctness"": ""Описание события точно отражает предоставленный ответ без выдуманных фактов."", ""completeness"": ""Ответ включает обязательные элементы: метку, уровень уверенности и объяснение, опираясь на существенные признаки события."", ""instruction_following"": ""Формат ответа соответствует требованиям JSON с правильными полями."", ""relevance"": ""Ответ сфокусирован исключительно на классификации неудачного входа в учётную запись генерального директора как 'suspicious'.""}",8.0
sample,B,1,0,,2.0437,"{
""factual_correctness"": 2,
""completeness"": 2,
""instruction_following"": 2,
""relevance"": 2,
""hallucination"": false,
""basis"": {
""factual_correctness"": ""Объяснение точно отражает основную проблему, связанную с неудачей входа и последующим успешным входом из того же IP."",
""completeness"": ""Все обязательные элементы включены: метка события (suspicious), уровень уверенности (confidence) и объяснение (reason)."",
""instruction_following"": ""Ответ соответствует формату, включая JSON-объект с необходимыми полями."",
""relevance"": ""Ответ сфокусирован на классификации события ИБ как 'suspicious', что является основной задачей.""
}
}",2.0,2.0,2.0,2.0,False,"{""factual_correctness"": ""Объяснение точно отражает основную проблему, связанную с неудачей входа и последующим успешным входом из того же IP."", ""completeness"": ""Все обязательные элементы включены: метка события (suspicious), уровень уверенности (confidence) и объяснение (reason)."", ""instruction_following"": ""Ответ соответствует формату, включая JSON-объект с необходимыми полями."", ""relevance"": ""Ответ сфокусирован на классификации события ИБ как 'suspicious', что является основной задачей.""}",8.0
sample,B,2,0,,1.9271,"{
""factual_correctness"": 2,
""completeness"": 2,
""instruction_following"": 1,
""relevance"": 2,
""hallucination"": false,
""basis"": {
""factual_correctness"": ""Описание события соответствует фактам, предоставленным в ответе."",
""completeness"": ""Ответ включает метку, уверенность и причину, соответствующие требованиям задачи."",
""instruction_following"": ""Формат правильный, но confidence - это точное значение (0.8) не было указано в описании события. Это считается мелкой нарушением."",
""relevance"": ""Ответ сфокусирован на событии, сосредоточившись на быстром количестве неудачных входов и неизвестном IP.""
}
}",2.0,2.0,1.0,2.0,False,"{""factual_correctness"": ""Описание события соответствует фактам, предоставленным в ответе."", ""completeness"": ""Ответ включает метку, уверенность и причину, соответствующие требованиям задачи."", ""instruction_following"": ""Формат правильный, но confidence - это точное значение (0.8) не было указано в описании события. Это считается мелкой нарушением."", ""relevance"": ""Ответ сфокусирован на событии, сосредоточившись на быстром количестве неудачных входов и неизвестном IP.""}",7.0
sample,B,5,0,,1.7738,"{
    ""factual_correctness"": 2,
    ""completeness"": 2,
    ""instruction_following"": 2,
    ""relevance"": 2,
    ""hallucination"": false,
    ""basis"": {
        ""factual_correctness"": ""описание события соответствует фактам, описанным в ответе."",
        ""completeness"": ""Все обязательные элементы включены: метка (label), уверенность (confidence) и объяснение (reason)."",
        ""instruction_following"": ""Ответ следует формату JSON с необходимыми полями."",
        ""relevance"": ""Ответ сфокусирован на классификации события ИБ как 'normal'.""
    }
}",2.0,2.0,2.0,2.0,False,"{""factual_correctness"": ""описание события соответствует фактам, описанным в ответе."", ""completeness"": ""Все обязательные элементы включены: метка (label), уверенность (confidence) и объяснение (reason)."", ""instruction_following"": ""Ответ следует формату JSON с необходимыми полями."", ""relevance"": ""Ответ сфокусирован на классификации события ИБ как 'normal'.""}",8.0
sample,B,13,0,invalid_json,2.3628,"{
""factual_correctness"": 1,
""completeness"": 2,
""instruction_following"": 2,
""relevance"": 0,
""hallucination"": false,
""basis"": {
""factual_correctness"": ""Основной вывод правильный, так как описанное событие действительно может считаться подозрительным из-за частого неправильного ввода пароля и быстрого изменения пароля."",
""completeness"": ""Все обязательные элементы включены: метка (label), уровень уверенности (confidence) и объяснение (reason)."",
""instruction_following"": ""Инструкция соблюдена полностью: формат JSON, необходимые поля присутствуют с соответствующими значениями."",
""relevance"": ""Ответ не сфокусирован на задаче, так как он классифицирует событие как 'suspicious', но не предоставляет оценку ИБ в терминах 'normal' или 'suspicious'.""
}
",,,,,,,
sample,B,14,0,,1.9994,"{
""factual_correctness"": 2,
""completeness"": 2,
""instruction_following"": 2,
""relevance"": 2,
""hallucination"": false,
""basis"": {
""factual_correctness"": ""Описание события точно отражает факт, что скачивание большого файла в позднее время и подключение личного USB-накопителя могут быть подозрительными действиями."",
""completeness"": ""Ответ включает метку (label), уверенность (confidence) и причину (reason)."",
""instruction_following"": ""Формат ответа соответствует требуемому JSON формату, с полными необходимыми полями."",
""relevance"": ""Ответ сфокусирован на описании события, сосредоточившись на необычных аспектах действия.""
}
}",2.0,2.0,2.0,2.0,False,"{""factual_correctness"": ""Описание события точно отражает факт, что скачивание большого файла в позднее время и подключение личного USB-накопителя могут быть подозрительными действиями."", ""completeness"": ""Ответ включает метку (label), уверенность (confidence) и причину (reason)."", ""instruction_following"": ""Формат ответа соответствует требуемому JSON формату, с полными необходимыми полями."", ""relevance"": ""Ответ сфокусирован на описании события, сосредоточившись на необычных аспектах действия.""}",8.0
sample,B,20,0,invalid_json,2.4696,"{
""label"": ""suspicious"",
""confidence"": 0.8,
""reason"": ""Установление PowerShell с параметром -EncodedCommand и исходящее соединение на внешний IP по порту 4444 является потенциальным признаком атаки или компрометации."",
""factual_correctness"": 2,
""completeness"": 2, 
""instruction_following"": 2, 
""relevance"": 2, 
""hallucination"": false
""basis"": {
""factual_correctness"": ""Описание фактов точно отражает потенциальную угрозу в описании события."",
""completeness"": ""Ответ включает метку, уровень уверенности и краткое объяснение, все необходимые элементы присутствуют."",
""instruction_following"": ""Формат ответа соответствует инструкциям: JSON-объект с указанными полями."",
""relevance"": ""Ответ сфокусирован на классификации события ИБ как подозрительного.""
}
}",,,,,,,
sample,B,22,0,,1.7659,"{""factual_correctness"": 2, ""completeness"": 2, ""instruction_following"": 2, ""relevance"": 2, ""hallucination"": false, ""basis"": {""factual_correctness"": ""Описание события точно отражает вывод модели."", ""completeness"": ""Модель включила все обязательные элементы: метку, уровень уверенности и объяснение на основе существенных признаков события."", ""instruction_following"": ""Ответ соответствует формату и ограничениям запроса, предоставляя JSON-объект с необходимыми полями."", ""relevance"": ""Ответ сфокусирован непосредственно на классификации события ИБ как 'suspicious'.""}}",2.0,2.0,2.0,2.0,False,"{""factual_correctness"": ""Описание события точно отражает вывод модели."", ""completeness"": ""Модель включила все обязательные элементы: метку, уровень уверенности и объяснение на основе существенных признаков события."", ""instruction_following"": ""Ответ соответствует формату и ограничениям запроса, предоставляя JSON-объект с необходимыми полями."", ""relevance"": ""Ответ сфокусирован непосредственно на классификации события ИБ как 'suspicious'.""}",8.0
sample,B,25,0,invalid_json,2.8663,"{
""factual_correctness"": 2,
""completeness"": 1,
""instruction_following"": 2,
""relevance"": 0,
""hallucination"": false,
""basis"": {
""factual_correctness"": ""Описание фактически правильное, так как антивирус действительно сработал на файл mimikatz.exe в контексте тестирования на проникновение."",
""completeness"": ""Несмотря на то, что указана согласованная работа и заявка, отсутствует полное объяснение цели файла или его связь с вредоносным ПО."",
""instruction_following"": ""Инструкция полностью соблюдена: модель классифицировала событие как 'normal' со значением 1.0-confidence, но пропустила релевантные детали, которые делают это классификацию спорной (например, что mimikatz.exe может быть вредоносным)."",
""relevance"": ""Ответ не являетсяRelevant, так как действие антивируса на файл не обязательно указывает на нормальное поведение; в контексте тестирования на проникновение, этот файл может представлять угрозу.""
}
",,,,,,,
sample,B,29,0,,1.671,"{
""factual_correctness"": 2,
""completeness"": 1,
""instruction_following"": 2,
""relevance"": 2,
""hallucination"": false,
""basis"": {
""factual_correctness"": ""Описание фактов точное, без выдумок и неточностей."",
""completeness"": ""Причина включает статусную активность, но пропускает Confidence score основание на описании события."",
""instruction_following"": ""Ответ следует формату JSON и содержит поля label, confidence, reason."", 
""relevance"": ""Ответ сфокусирован на событии, которое является штатной активностью.""
}
}",2.0,1.0,2.0,2.0,False,"{""factual_correctness"": ""Описание фактов точное, без выдумок и неточностей."", ""completeness"": ""Причина включает статусную активность, но пропускает Confidence score основание на описании события."", ""instruction_following"": ""Ответ следует формату JSON и содержит поля label, confidence, reason."", ""relevance"": ""Ответ сфокусирован на событии, которое является штатной активностью.""}",7.0
sample,B,30,0,invalid_json,2.3212,"{
""factual_correctness"": 2,
""completeness"": 2,
""instruction_following"": 2,
""relevance"": 2,
""hallucination"": false,
""basis"": {
""factual_correctness"": ""Ответ точно отражает, что вход был неуспешным и включал отправку письма сброса пароля по резервному адресу, что является обычной безопасной мерой."",
""completeness"": ""Объяснение включает ключевые элементы: метку события (неуспешный вход), местоположение (Нидерланды), действия (отправка письма сброса пароля по резервному адресу)."",
""instruction_following"": ""Формат ответа соответствует запросу, включая полей label, confidence и reason."",
""relevance"": ""Ответ сфокусирован на классификации события ИБ как normal, с объяснением безопасности мер.""
}
",,,,,,,
repeat,A,1,0,,1.6924,"{
""factual_correctness"": 2,
""completeness"": 2,
""instruction_following"": 2,
""relevance"": 2,
""hallucination"": false,
""basis"": {
""factual_correctness"": ""Ответ точно отражает основную вывод из описания события."",
""completeness"": ""Все обязательные элементы, включая метку, уверенность и объяснение, включены в ответ."",
""instruction_following"": ""Инструкция полностью соблюдена с правильным форматом JSON и фокусом на задаче."",
""relevance"": ""Ответ сфокусирован непосредственно на оценке неуспешного входа пользователя.""
}
}",2.0,2.0,2.0,2.0,False,"{""factual_correctness"": ""Ответ точно отражает основную вывод из описания события."", ""completeness"": ""Все обязательные элементы, включая метку, уверенность и объяснение, включены в ответ."", ""instruction_following"": ""Инструкция полностью соблюдена с правильным форматом JSON и фокусом на задаче."", ""relevance"": ""Ответ сфокусирован непосредственно на оценке неуспешного входа пользователя.""}",8.0
repeat,A,4,0,invalid_json,2.5942,"{
""label"": ""suspicious"",
""confidence"": 0.95,
""reason"": """",
""factual_correctness"": 2,
""completeness"": 1,
""instruction_following"": 2,
""relevance"": 2,
""hallucination"": false
""basis"": {
""factual_correctness"": ""Факт о том, что антивирус обнаружил и не смог удалить файл invoice.pdf.exe в папке загрузок является фактическим и подтвержденным описанием события."",
""completeness"": ""Причина включает ключевые элементы: запуск файла с расширением .exe из папки загрузок. Однако дополнительное объяснение, основанное на описании события, отсутствует."",
""instruction_following"": ""Инструкция выполнена полностью: событие классифицировано как 'suspicious' с высокой степенью уверенности и кратким объяснением."",
""relevance"": ""Ответ сфокусирован на описанном событии, указывая на потенциальную угрозу.""
}
}",,,,,,,
repeat,A,6,0,invalid_json,2.27,"{
""factual_correctness"": 2,
""completeness"": 1,
""instruction_following"": 2,
""relevance"": 2,
""hallucination"": false,
""basis"": {
""factual_correctness"": ""Описание события соответствует фактам, так как сканирование портов действительно может включать диапазон от 1 до 65535 и относится к внутренней подсети."",
""completeness"": ""Причина включает обязательные элементы: confidence-значение и объяснение. Однако полная метка сети (например, IP-адрес или имя хоста) не указана в описании события."",
""instruction_following"": ""Формат соответствует запросу: 'label', 'confidence' и 'reason' предоставлены как требовалось."",
""relevance"": ""Ответ сфокусирован на задаче, классифицируя событие ИБ как normal.""
}
",,,,,,,
repeat,A,20,0,,2.1367,"```json
{
  ""factual_correctness"": 2,
  ""completeness"": 2,
  ""instruction_following"": 2,
  ""relevance"": 2,
  ""hallucination"": false,
  ""basis"": {
    ""factual_correctness"": ""Основной вывод верен, так как это может быть подозрительная активность."",
    ""completeness"": ""Все обязательные элементы включены: метка, уверенность и объяснение на основе существенных признаков события."",
    ""instruction_following"": ""Инструкция соблюдена полностью: классифицировано событие как 'suspicious' с высоким уровнем уверенности и кратким объяснением."",
    ""relevance"": ""Ответ сфокусирован на задаче, сосредоточившись на подозрительной природе действия.""
  }
}
```",2.0,2.0,2.0,2.0,False,"{""factual_correctness"": ""Основной вывод верен, так как это может быть подозрительная активность."", ""completeness"": ""Все обязательные элементы включены: метка, уверенность и объяснение на основе существенных признаков события."", ""instruction_following"": ""Инструкция соблюдена полностью: классифицировано событие как 'suspicious' с высоким уровнем уверенности и кратким объяснением."", ""relevance"": ""Ответ сфокусирован на задаче, сосредоточившись на подозрительной природе действия.""}",8.0
repeat,A,21,0,,1.9494,"{
""factual_correctness"": 2,
""completeness"": 2,
""instruction_following"": 2,
""relevance"": 2,
""hallucination"": false,
""basis"": {
""factual_correctness"": ""Описание события точно отражает успешный вход сотрудника с MFA, который является обычным для него в рабочие часы, особенно перед авралом и сдачей проекта."",
""completeness"": ""Ответ включает метку (normal), уровень уверенности (confidence) и краткое объяснение (reason)."",
""instruction_following"": ""Формат ответа соответствует требованиям JSON с необходимыми полями."",
""relevance"": ""Ответ сфокусирован на классификации события как normal, основываясь на предоставленной информации.""
}
}",2.0,2.0,2.0,2.0,False,"{""factual_correctness"": ""Описание события точно отражает успешный вход сотрудника с MFA, который является обычным для него в рабочие часы, особенно перед авралом и сдачей проекта."", ""completeness"": ""Ответ включает метку (normal), уровень уверенности (confidence) и краткое объяснение (reason)."", ""instruction_following"": ""Формат ответа соответствует требованиям JSON с необходимыми полями."", ""relevance"": ""Ответ сфокусирован на классификации события как normal, основываясь на предоставленной информации.""}",8.0
repeat,A,1,1,,1.6564,"{
""factual_correctness"": 2,
""completeness"": 2,
""instruction_following"": 2,
""relevance"": 2,
""hallucination"": false,
""basis"": {
""factual_correctness"": ""Ответ точно отражает основную вывод из описания события."",
""completeness"": ""Все обязательные элементы, включая метку, уверенность и объяснение, были включены."",
""instruction_following"": ""Формат соответствует требуемому JSON-формату с полными инструкциями."",
""relevance"": ""Ответ сфокусирован на классификации события ИБ как 'suspicious'.""
}
}",2.0,2.0,2.0,2.0,False,"{""factual_correctness"": ""Ответ точно отражает основную вывод из описания события."", ""completeness"": ""Все обязательные элементы, включая метку, уверенность и объяснение, были включены."", ""instruction_following"": ""Формат соответствует требуемому JSON-формату с полными инструкциями."", ""relevance"": ""Ответ сфокусирован на классификации события ИБ как 'suspicious'.""}",8.0
repeat,A,4,1,,2.0273,"{""factual_correctness"": 2, ""completeness"": 2, ""instruction_following"": 2, ""relevance"": 2, ""hallucination"": false, ""basis"": {""factual_correctness"": ""Описание события точно отражает опасность запуска файла с расширением .exe, что было правильно идентифицировано как подозрительное событие."", ""completeness"": ""Ответ включает метку (label), уровень уверенности (confidence) и краткое объяснение (reason)."", ""instruction_following"": ""Формат ответа соответствует требуемому JSON-формату с необходимыми полями. Ответ сфокусирован на описанном событии без лишних деталей."", ""relevance"": ""Ответ непосредственно связан с классификацией события ИБ как подозрительного.""}}",2.0,2.0,2.0,2.0,False,"{""factual_correctness"": ""Описание события точно отражает опасность запуска файла с расширением .exe, что было правильно идентифицировано как подозрительное событие."", ""completeness"": ""Ответ включает метку (label), уровень уверенности (confidence) и краткое объяснение (reason)."", ""instruction_following"": ""Формат ответа соответствует требуемому JSON-формату с необходимыми полями. Ответ сфокусирован на описанном событии без лишних деталей."", ""relevance"": ""Ответ непосредственно связан с классификацией события ИБ как подозрительного.""}",8.0
repeat,A,6,1,,2.4717,"{
    ""factual_correctness"": 2,
    ""completeness"": 1,
    ""instruction_following"": 2,
    ""relevance"": 2,
    ""hallucination"": false,
    ""basis"": {
        ""factual_correctness"": ""описание события соответствует фактам, так как сканирование портов действительно может включать диапазон от 1 до 65535 и относится к внутренней подсети."",
        ""completeness"": ""Причина включает основную идею о том, что это стандартная проверка сети, но не упоминает конкретный confidence уровень или полное объяснение того, почему это считается нормальным."",
        ""instruction_following"": ""Инструкция соблюдена полностью: формат JSON соответствует требованиям, и поле 'reason' кратко объясняет решение."",
        ""relevance"": ""Ответ сфокусирован на задаче, классифицируя событие как normal из-за его характера сканирования портов.""
    }
}",2.0,1.0,2.0,2.0,False,"{""factual_correctness"": ""описание события соответствует фактам, так как сканирование портов действительно может включать диапазон от 1 до 65535 и относится к внутренней подсети."", ""completeness"": ""Причина включает основную идею о том, что это стандартная проверка сети, но не упоминает конкретный confidence уровень или полное объяснение того, почему это считается нормальным."", ""instruction_following"": ""Инструкция соблюдена полностью: формат JSON соответствует требованиям, и поле 'reason' кратко объясняет решение."", ""relevance"": ""Ответ сфокусирован на задаче, классифицируя событие как normal из-за его характера сканирования портов.""}",7.0
repeat,A,20,1,,2.5692,"{""label"": ""suspicious"", ""confidence"": 0.95, ""reason"": ""Запуск процесса WINWORD.EXE с параметром -EncodedCommand и установка исходящего соединения на внешний IP могут указывать на попытку эксплуатации Word для выполнения атаки или передачи данных."", ""factual_correctness"": 2, ""completeness"": 2, ""instruction_following"": 2, ""relevance"": 2, ""hallucination"": false, ""basis"": {""factual_correctness"": ""Ответ точно отражает основную цель оценки, что запуск WINWORD.EXE с указанными параметрами может быть подозрительным."", ""completeness"": ""Объяснение включает метку события, уровень уверенности и причину, соответствуя всем обязательным элементам запроса."", ""instruction_following"": ""Формат ответа соответствует требуемому формату JSON с полями label, confidence и reason."", ""relevance"": ""Ответ сфокусирован на классификации описанного события как подозрительного.""}}",2.0,2.0,2.0,2.0,False,"{""factual_correctness"": ""Ответ точно отражает основную цель оценки, что запуск WINWORD.EXE с указанными параметрами может быть подозрительным."", ""completeness"": ""Объяснение включает метку события, уровень уверенности и причину, соответствуя всем обязательным элементам запроса."", ""instruction_following"": ""Формат ответа соответствует требуемому формату JSON с полями label, confidence и reason."", ""relevance"": ""Ответ сфокусирован на классификации описанного события как подозрительного.""}",8.0
repeat,A,21,1,,2.0747,"{
""factual_correctness"": 2,
""completeness"": 2,
""instruction_following"": 2,
""relevance"": 2,
""hallucination"": false,
""basis"": {
""factual_correctness"": ""Описание события соответствует фактическому ответу, указывая на обычную активность сотрудника с использованием MFA и входа из дома в установленный авраловый период."",
""completeness"": ""Ответ включает метку (normal/сuspicious), уровень уверенности и причину, все необходимые элементы присутствуют."",
""instruction_following"": ""Формат ответа соответствует требованиям: JSON-объект с указанными полями."",
""relevance"": ""Ответ сфокусирован на классификации события как 'normal', основываясь на предоставленной информации.""
}
}",2.0,2.0,2.0,2.0,False,"{""factual_correctness"": ""Описание события соответствует фактическому ответу, указывая на обычную активность сотрудника с использованием MFA и входа из дома в установленный авраловый период."", ""completeness"": ""Ответ включает метку (normal/сuspicious), уровень уверенности и причину, все необходимые элементы присутствуют."", ""instruction_following"": ""Формат ответа соответствует требованиям: JSON-объект с указанными полями."", ""relevance"": ""Ответ сфокусирован на классификации события как 'normal', основываясь на предоставленной информации.""}",8.0
repeat,A,1,2,,1.6146,"{
""factual_correctness"": 2,
""completeness"": 2,
""instruction_following"": 2,
""relevance"": 2,
""hallucination"": false,
""basis"": {
""factual_correctness"": ""Ответ точно отражает основную вывод из описания события."",
""completeness"": ""Все обязательные элементы, включая метку, уверенность и объяснение, включены в ответ."",
""instruction_following"": ""Формат ответа соответствует требованиям JSON с полным соблюдением инструкций."",
""relevance"": ""Ответ сфокусирован на классификации события как 'suspicious'.""
}
}",2.0,2.0,2.0,2.0,False,"{""factual_correctness"": ""Ответ точно отражает основную вывод из описания события."", ""completeness"": ""Все обязательные элементы, включая метку, уверенность и объяснение, включены в ответ."", ""instruction_following"": ""Формат ответа соответствует требованиям JSON с полным соблюдением инструкций."", ""relevance"": ""Ответ сфокусирован на классификации события как 'suspicious'.""}",8.0
repeat,A,4,2,,1.8162,"{""factual_correctness"": 2, ""completeness"": 2, ""instruction_following"": 2, ""relevance"": 2, ""hallucination"": false, ""basis"": {""factual_correctness"": ""описание события точно отражает опасность выполнения файла .exe без явного удаления антивирусом."", ""completeness"": ""ответ включает метку (label), уровень уверенности (confidence) и краткое объяснение (reason)."", ""instruction_following"": ""формат ответа соответствует инструкциям, включая JSON-структуру с необходимыми полями."", ""relevance"": ""ответ сфокусирован на классификации события как 'suspicious', что является основной задачей.""}}",2.0,2.0,2.0,2.0,False,"{""factual_correctness"": ""описание события точно отражает опасность выполнения файла .exe без явного удаления антивирусом."", ""completeness"": ""ответ включает метку (label), уровень уверенности (confidence) и краткое объяснение (reason)."", ""instruction_following"": ""формат ответа соответствует инструкциям, включая JSON-структуру с необходимыми полями."", ""relevance"": ""ответ сфокусирован на классификации события как 'suspicious', что является основной задачей.""}",8.0
repeat,A,6,2,,1.7936,"{
""factual_correctness"": 2,
""completeness"": 1,
""instruction_following"": 2,
""relevance"": 2,
""hallucination"": false,
""basis"": {
""factual_correctness"": ""Описание события точно отражает стандартную сетевую операцию сканирования портов, без выдуманных фактов."",
""completeness"": ""Причина кратко объясняет, почему событие считается нормальным, но не включает confidence level."",
""instruction_following"": ""Ответ следует формату JSON и фокусируется на ключевой информации, предоставленной в описании события."",
""relevance"": ""Ответ прямо относится к классификации события как normal.""
}
}",2.0,1.0,2.0,2.0,False,"{""factual_correctness"": ""Описание события точно отражает стандартную сетевую операцию сканирования портов, без выдуманных фактов."", ""completeness"": ""Причина кратко объясняет, почему событие считается нормальным, но не включает confidence level."", ""instruction_following"": ""Ответ следует формату JSON и фокусируется на ключевой информации, предоставленной в описании события."", ""relevance"": ""Ответ прямо относится к классификации события как normal.""}",7.0
repeat,A,20,2,,1.7984,"```json
{""factual_correctness"": 2, ""completeness"": 2, ""instruction_following"": 2, ""relevance"": 2, ""hallucination"": false, ""basis"": {""factual_correctness"": ""Описание события точно отражает потенциально подозрительную активность в модели ответа."", ""completeness"": ""Модель предоставила необходимую метку, уверенность и объяснение, соответствующие требованиям задачи."", ""instruction_following"": ""Ответ соответствует формату и ограничениям, указанным в запросе на JSON-формат с четко определенными полями."", ""relevance"": ""Ответ сфокусирован непосредственно на классификации события как normal или suspicious.""}}
```",2.0,2.0,2.0,2.0,False,"{""factual_correctness"": ""Описание события точно отражает потенциально подозрительную активность в модели ответа."", ""completeness"": ""Модель предоставила необходимую метку, уверенность и объяснение, соответствующие требованиям задачи."", ""instruction_following"": ""Ответ соответствует формату и ограничениям, указанным в запросе на JSON-формат с четко определенными полями."", ""relevance"": ""Ответ сфокусирован непосредственно на классификации события как normal или suspicious.""}",8.0
repeat,A,21,2,invalid_json,1.8147,"{
""factual_correctness"": 2,
""completeness"": 2,
""instruction_following"": 2,
""relevance"": 2,
""hallucination"": false,
""basis"": {
""factual_correctness"": ""Описание события соответствует фактам, таким как использование MFA и регулярный вход сотрудника в аврал."",
""completeness"": ""Ответ включает метку (normal), уровень уверенности и причину, все обязательные элементы присутствуют."",
""instruction_following"": ""Формат ответа следует инструкциям: JSON-объект с указанными полями."",
""relevance"": ""Ответ сфокусирован на описании события, касающемся успешного входа сотрудника.""
}
",,,,,,,
repeat,A,1,3,,2.1105,"{
""factual_correctness"": 2,
""completeness"": 2,
""instruction_following"": 2,
""relevance"": 2,
""hallucination"": false,
""basis"": {
""factual_correctness"": ""Описание события точно отражает предоставленный ответ, указывая на неудачный вход, за которым следует успешный вход с одного IP-addressа."",
""completeness"": ""Ответ включает метку (label), уровень уверенности (confidence) и объяснение (reason)."",
""instruction_following"": ""Ответ соответствует формату JSON и соблюдает ограничения, сосредотачиваясь на кратком объяснении причины маркировки события как 'suspicious'."",
""relevance"": ""Ответ сфокусирован на классификации события ИБ в терминах его подозрительности.""
}
}",2.0,2.0,2.0,2.0,False,"{""factual_correctness"": ""Описание события точно отражает предоставленный ответ, указывая на неудачный вход, за которым следует успешный вход с одного IP-addressа."", ""completeness"": ""Ответ включает метку (label), уровень уверенности (confidence) и объяснение (reason)."", ""instruction_following"": ""Ответ соответствует формату JSON и соблюдает ограничения, сосредотачиваясь на кратком объяснении причины маркировки события как 'suspicious'."", ""relevance"": ""Ответ сфокусирован на классификации события ИБ в терминах его подозрительности.""}",8.0
repeat,A,4,3,,2.6011,"{
""label"": ""suspicious"",
""confidence"": 0.95,
""reason"": ""Файл с расширением .exe скрыт в папке загрузок, что необычно для этой директории; он был запущен, что может указывать на вредоносное ПО или мошенничество, несмотря на обнаружение антивируса."",
""factual_correctness"": 2,
""completeness"": 2,
""instruction_following"": 2,
""relevance"": 2,
""hallucination"": false,
""basis"": {
""factual_correctness"": ""Ответ точно отражает потенциальную угрозу, связанную с запуском скрытого файла .exe в папке загрузок."",
""completeness"": ""Объяснение включает метку, уровень уверенности и причину, полностью соответствуя требованиям задачи."",
""instruction_following"": ""Ответ представлен в правильном формате JSON со всеми необходимыми полями."",
""relevance"": ""Ответ сфокусирован на классификации события как подозрительного.""
}
}",2.0,2.0,2.0,2.0,False,"{""factual_correctness"": ""Ответ точно отражает потенциальную угрозу, связанную с запуском скрытого файла .exe в папке загрузок."", ""completeness"": ""Объяснение включает метку, уровень уверенности и причину, полностью соответствуя требованиям задачи."", ""instruction_following"": ""Ответ представлен в правильном формате JSON со всеми необходимыми полями."", ""relevance"": ""Ответ сфокусирован на классификации события как подозрительного.""}",8.0
repeat,A,6,3,,2.134,"{
    ""factual_correctness"": 2,
    ""completeness"": 1,
    ""instruction_following"": 2,
    ""relevance"": 2,
    ""hallucination"": false,
    ""basis"": {
        ""factual_correctness"": ""описание события соответствует фактам, так как сканирование портов действительно может включать диапазон от 1 до 65535 и относится к внутренней подсети."",
        ""completeness"": ""Причина включает основную идею о том, что это стандартная проверка сети, но не упоминает конкретный confidence уровень или метку события."",
        ""instruction_following"": ""формат соответствует запросу с label, confidence и reason."",
        ""relevance"": ""ответ сфокусирован на классификации сканирования портов как normal.""
    }
}",2.0,1.0,2.0,2.0,False,"{""factual_correctness"": ""описание события соответствует фактам, так как сканирование портов действительно может включать диапазон от 1 до 65535 и относится к внутренней подсети."", ""completeness"": ""Причина включает основную идею о том, что это стандартная проверка сети, но не упоминает конкретный confidence уровень или метку события."", ""instruction_following"": ""формат соответствует запросу с label, confidence и reason."", ""relevance"": ""ответ сфокусирован на классификации сканирования портов как normal.""}",7.0
repeat,A,20,3,,1.8041,"```json
{""factual_correctness"": 2, ""completeness"": 2, ""instruction_following"": 2, ""relevance"": 2, ""hallucination"": false, ""basis"": {""factual_correctness"": ""Описание события точно отражает потенциально подозрительную активность в модели ответа."", ""completeness"": ""Модель предоставила необходимую метку, уверенность и объяснение, соответствующие требованиям задачи."", ""instruction_following"": ""Ответ соответствует формату и ограничениям, указанным в запросе на JSON-формат с четко определенными полями."", ""relevance"": ""Ответ сфокусирован непосредственно на классификации события как normal или suspicious.""}}
```",2.0,2.0,2.0,2.0,False,"{""factual_correctness"": ""Описание события точно отражает потенциально подозрительную активность в модели ответа."", ""completeness"": ""Модель предоставила необходимую метку, уверенность и объяснение, соответствующие требованиям задачи."", ""instruction_following"": ""Ответ соответствует формату и ограничениям, указанным в запросе на JSON-формат с четко определенными полями."", ""relevance"": ""Ответ сфокусирован непосредственно на классификации события как normal или suspicious.""}",8.0
repeat,A,21,3,,1.8301,"{
""factual_correctness"": 2,
""completeness"": 2,
""instruction_following"": 2,
""relevance"": 2,
""hallucination"": false,
""basis"": {
""factual_correctness"": ""Описание события точно отражает успешный вход с MFA и из дома, что является обычным для сотрудника в аврале."",
""completeness"": ""Ответ включает метку (normal), уровень уверенности (confidence) и объяснение (reason)."",
""instruction_following"": ""Формат ответа соответствует требованиям JSON и сосредоточен на кратком объяснении события."",
""relevance"": ""Ответ сфокусирован исключительно на нормальности входа сотрудника.""
}
}",2.0,2.0,2.0,2.0,False,"{""factual_correctness"": ""Описание события точно отражает успешный вход с MFA и из дома, что является обычным для сотрудника в аврале."", ""completeness"": ""Ответ включает метку (normal), уровень уверенности (confidence) и объяснение (reason)."", ""instruction_following"": ""Формат ответа соответствует требованиям JSON и сосредоточен на кратком объяснении события."", ""relevance"": ""Ответ сфокусирован исключительно на нормальности входа сотрудника.""}",8.0
repeat,B,1,0,,2.1188,"{
""factual_correctness"": 2,
""completeness"": 2,
""instruction_following"": 2,
""relevance"": 2,
""hallucination"": false,
""basis"": {
""factual_correctness"": ""Обозначение события как 'suspicious' основано на возможной попытке атаки, что может быть верным выводом, но без дополнительного контекста о том, являются ли эти действия обычными или нет."",
""completeness"": ""Ответ включает метку, уверенность и причину, следуя инструкциям."",
""instruction_following"": ""Формат ответа соответствует требуемому JSON-формату с необходимыми полями."",
""relevance"": ""Ответ сфокусирован на классификации события как 'suspicious', исходя из описанного поведения входа.""
}
}",2.0,2.0,2.0,2.0,False,"{""factual_correctness"": ""Обозначение события как 'suspicious' основано на возможной попытке атаки, что может быть верным выводом, но без дополнительного контекста о том, являются ли эти действия обычными или нет."", ""completeness"": ""Ответ включает метку, уверенность и причину, следуя инструкциям."", ""instruction_following"": ""Формат ответа соответствует требуемому JSON-формату с необходимыми полями."", ""relevance"": ""Ответ сфокусирован на классификации события как 'suspicious', исходя из описанного поведения входа.""}",8.0
repeat,B,4,0,invalid_json,2.6851,"{
""factual_correctness"": 0,
""completeness"": 1,
""instruction_following"": 2,
""relevance"": 1,
""hallucination"": true,
""basis"": {
""factual_correctness"": ""Факт, что файл был запущен пользователем, не обязательно означает, что это законный или обычный процесс; он может указывать на вредоносное ПО."",
""completeness"": ""Причина кратко объясняет, почему событие считается нормальным, но не учитывает предупреждающий характер обнаружения антивируса и потенциальной угрозы, связанной с запуском файла."",
""instruction_following"": ""Инструкция соблюдена полностью: формат JSON предоставлен с полями confidence и reason. Однако confidence равен 0, так как оценка фактической правильности неверна."",
""relevance"": ""Ответ частично релевантен: событие действительно связано с запуском файла, но он не классифицируется как 'обычное' действие из-за обнаружения антивируса.""
}
",,,,,,,
repeat,B,6,0,,1.9761,"{
""factual_correctness"": 2,
""completeness"": 2,
""instruction_following"": 2,
""relevance"": 2,
""hallucination"": false,
""basis"": {
""factual_correctness"": ""Ответ точно отражает, что сканирование портов не является стандартной практикой для проверки безопасности и может быть подозрительным поведением."",
""completeness"": ""Объяснение включает метку (label), уровень уверенности (confidence) и причину (reason)."",
""instruction_following"": ""Формат ответа соответствует требуемому JSON-формату, с необходимыми полями включенными."",
""relevance"": ""Ответ сфокусирован на классификации события как 'suspicious', что является целью задачи.""
}
}",2.0,2.0,2.0,2.0,False,"{""factual_correctness"": ""Ответ точно отражает, что сканирование портов не является стандартной практикой для проверки безопасности и может быть подозрительным поведением."", ""completeness"": ""Объяснение включает метку (label), уровень уверенности (confidence) и причину (reason)."", ""instruction_following"": ""Формат ответа соответствует требуемому JSON-формату, с необходимыми полями включенными."", ""relevance"": ""Ответ сфокусирован на классификации события как 'suspicious', что является целью задачи.""}",8.0
repeat,B,20,0,invalid_json,2.4307,"{
""label"": ""suspicious"",
""confidence"": 0.8,
""reason"": ""Установление PowerShell с параметром -EncodedCommand и исходящее соединение на внешний IP по порту 4444 является потенциальным признаком атаки или компрометации."",
""factual_correctness"": 2,
""completeness"": 2, 
""instruction_following"": 2, 
""relevance"": 2, 
""hallucination"": false
""basis"": {
""factual_correctness"": ""Описание фактов точно отражает потенциальную угрозу в описании события."",
""completeness"": ""Ответ включает метку, уровень уверенности и краткое объяснение, все необходимые элементы присутствуют."",
""instruction_following"": ""Формат ответа соответствует инструкциям: JSON-объект с указанными полями."",
""relevance"": ""Ответ сфокусирован на классификации события ИБ как подозрительного.""
}
}",,,,,,,
repeat,B,21,0,bad_instruction_following,2.5703,"{""factual_correctness"": 1, ""completeness"": 2, ""instruction_following"": 3, ""relevance"": 2, ""hallucination"": false, ""basis"": {""factual_correctность"": ""Основной вывод правильный; успешный вход через корпоративный VPN с MFA и предыдущие входы сотрудника являются фактическими элементами из описания события."", ""completаность"": ""Ответ включает метку, уверенность и причину. Однако он не следует строго формату JSON, так как 'confidence' должен быть числовым значением между 0 и 1, а не строкой с десятичным значением."", ""инструкции соблюдение"": ""Отсутствует строгий следование требуемому форматированию JSON, особенно в отношении поля 'confidence'."", ""релевантность"": ""Ответ сфокусирован на описанном событии, но сосредоточен больше на изменении времени дня, чем на подозрительной природе входа.""}}",,,,,,,
repeat,B,1,1,,1.8343,"{
""factual_correctness"": 2,
""completeness"": 2,
""instruction_following"": 2,
""relevance"": 2,
""hallucination"": false,
""basis"": {
""factual_correctness"": ""Описание фактов точно отражает событие, без выдуманных элементов."",
""completeness"": ""Причина включает ключевые элементы: метку события, confidence и объяснение с опорой на существенные признаки события."",
""instruction_following"": ""Ответ соответствует формату JSON и соблюдает ограничения, предоставляя краткое объяснение в двух предложениях."",
""relevance"": ""Контент сфокусирован исключительно на классификации события как 'suspicious'.""
}
}",2.0,2.0,2.0,2.0,False,"{""factual_correctness"": ""Описание фактов точно отражает событие, без выдуманных элементов."", ""completeness"": ""Причина включает ключевые элементы: метку события, confidence и объяснение с опорой на существенные признаки события."", ""instruction_following"": ""Ответ соответствует формату JSON и соблюдает ограничения, предоставляя краткое объяснение в двух предложениях."", ""relevance"": ""Контент сфокусирован исключительно на классификации события как 'suspicious'.""}",8.0
repeat,B,4,1,invalid_json,1.587,"{""label"": ""suspicious"", ""confidence"": 1.0, ""reason"": ""Ответ правильно классифицирует событие как 'suspicious' с высокой уверенностью (1.0) на основе ключевого факта запуска файла .exe в папке загрузок после того, как антивирус не смог удалить его, что указывает на потенциальную угрозу.""}

Басис:
{
  ""factual_correctness"": 2,
  ""completeness"": 2,
  ""instruction_following"": 2,
  ""relevance"": 2,
  ""hallucination"": false
}",,,,,,,
repeat,B,6,1,,2.0455,"{
""factual_correctness"": 2,
""completeness"": 2,
""instruction_following"": 2,
""relevance"": 2,
""hallucination"": false,
""basis"": {
""factual_correctness"": ""Сканирование всех портов от 1 до 65535 в одной подсети может указывать на попытку сканирования или атаки, что делает вывод о подозрительности фактически правдивым."",
""completeness"": ""Ответ включает метку (label), confidence и причину, следуя инструкциям."",
""instruction_following"": ""Формат ответа соответствует требуемому JSON-формату с необходимыми полями."",
""relevance"": ""Ответ сфокусирован на классификации события как подозрительного, что является целью задачи.""
}
}",2.0,2.0,2.0,2.0,False,"{""factual_correctness"": ""Сканирование всех портов от 1 до 65535 в одной подсети может указывать на попытку сканирования или атаки, что делает вывод о подозрительности фактически правдивым."", ""completeness"": ""Ответ включает метку (label), confidence и причину, следуя инструкциям."", ""instruction_following"": ""Формат ответа соответствует требуемому JSON-формату с необходимыми полями."", ""relevance"": ""Ответ сфокусирован на классификации события как подозрительного, что является целью задачи.""}",8.0
repeat,B,20,1,invalid_json,2.983,"{
""label"": ""suspicious"",
""confidence"": 0.8,
""reason"": ""Установление PowerShell с параметром -EncodedCommand и исходящее соединение на внешний IP по порту 4444 является необычным поведением, которое может указывать на потенциальную атаку."",
""factual_correctness"": 2,
""completeness"": 2,
""instruction_following"": 2,
""relevance"": 2,
""hallucination"": false,
""basis"": {
""factual_correctness"": ""Основной вывод верен, так как использование PowerShell с параметром -EncodedCommand и исходящие соединения на внешний IP могут действительно указывать на потенциальную угрозу."",
""completeness"": ""Все обязательные элементы включены: метка события (suspicious), уровень уверенности (confidence) и объяснение (reason)."",
""instruction_following"": ""Инструкция соблюдена полностью: классифицировано событие как 'suspicious' с уровнем уверенности и коротким объяснением."",
""relevance"": ""Ответ сфокусирован на описании события, касающемся использования PowerShell и исходящих соединений.""
}
",,,,,,,
repeat,B,21,1,,1.6251,"{""factual_correctness"": 2, ""completeness"": 2, ""instruction_following"": 2, ""relevance"": 2, ""hallucination"": false, ""basis"": {""factual_correctness"": ""Ответ точно отражает основную вывод из описания события."", ""completeness"": ""Все обязательные элементы включены: метка, уверенность и объяснение на основе существенных признаков события."", ""instruction_following"": ""Инструкция полностью соблюдена с ответом в правильном формате JSON."", ""relevance"": ""Ответ сфокусирован на задаче, предоставляя только необходимую информацию.""}}",2.0,2.0,2.0,2.0,False,"{""factual_correctness"": ""Ответ точно отражает основную вывод из описания события."", ""completeness"": ""Все обязательные элементы включены: метка, уверенность и объяснение на основе существенных признаков события."", ""instruction_following"": ""Инструкция полностью соблюдена с ответом в правильном формате JSON."", ""relevance"": ""Ответ сфокусирован на задаче, предоставляя только необходимую информацию.""}",8.0
repeat,B,1,2,,1.9135,"{
""factual_correctness"": 2,
""completeness"": 2,
""instruction_following"": 2,
""relevance"": 2,
""hallucination"": false,
""basis"": {
""factual_correctness"": ""Ответ точно отражает, что неудачный вход может быть попыткой атаки или компрометацией, что является значимым фактом."",
""completeness"": ""Объяснение включает метку (suspicious), уровень уверенности и причину, соответствуя требованиям задачи."",
""instruction_following"": ""Ответ предоставлен в правильном формате JSON с необходимыми полями."",
""relevance"": ""Ответ сфокусирован на классификации события как 'suspicious', что является основной задачей.""
}
}",2.0,2.0,2.0,2.0,False,"{""factual_correctness"": ""Ответ точно отражает, что неудачный вход может быть попыткой атаки или компрометацией, что является значимым фактом."", ""completeness"": ""Объяснение включает метку (suspicious), уровень уверенности и причину, соответствуя требованиям задачи."", ""instruction_following"": ""Ответ предоставлен в правильном формате JSON с необходимыми полями."", ""relevance"": ""Ответ сфокусирован на классификации события как 'suspicious', что является основной задачей.""}",8.0
repeat,B,4,2,,2.5219,"{
""label"": ""suspicious"",
""confidence"": 0.6,
""reason"": ""Файл с executable расширением (.exe) обнаружен в папке загрузок и не удален антивирусом, что может указывать на потенциальную угрозу."",
""factual_correctness"": 2,
""completeness"": 2,
""instruction_following"": 2,
""relevance"": 2,
""hallucination"": false,
""basis"": {
""factual_correctness"": ""Ответ точно отражает факт, что файл invoice.pdf.exe не был удален антивирусом после обнаружения в папке загрузок."",
""completeness"": ""Объяснение включает метку (suspicious), уровень уверенности и причину, соответствующую требованиям задачи."",
""instruction_following"": ""Формат ответа соответствует указанному JSON-формату с необходимыми полями."",
""relevance"": ""Ответ сфокусирован на классификации события как подозрительного.""
}
}",2.0,2.0,2.0,2.0,False,"{""factual_correctness"": ""Ответ точно отражает факт, что файл invoice.pdf.exe не был удален антивирусом после обнаружения в папке загрузок."", ""completeness"": ""Объяснение включает метку (suspicious), уровень уверенности и причину, соответствующую требованиям задачи."", ""instruction_following"": ""Формат ответа соответствует указанному JSON-формату с необходимыми полями."", ""relevance"": ""Ответ сфокусирован на классификации события как подозрительного.""}",8.0
repeat,B,6,2,invalid_json,3.206,"{
""factual_correctness"": 1,
""completeness"": 2,
""instruction_following"": 2,
""relevance"": 2,
""hallucination"": false,
""basis"": {
""factual_correctness"": ""Описание события включает фактическое использование сканирующего инструмента для портов, что является верным фактом."",
""completeness"": ""Объяснение кратко охватывает метку (label), уровень уверенности (confidence) и причину (reason)."",
""instruction_following"": ""Ответ следует формату JSON с необходимыми полями. Однако, confidence - это не числовой диапазон, а вместо этого процент или значение от 0 до 1."",
""relevance"": ""Ответ сфокусирован на событии сканирования портов и делает вывод о его подозрительности.""
}
Note: The 'confidence' value provided in the evaluated model's response (""Неправильное использование портов в сканировании, что может быть признаком атакующего"") should ideally be a numerical value or percentage. In this case, I've interpreted ""0.8"" as given by the user to mean an 80% confidence level; however, it would typically need clarification in terms of units (e.g., percent, probability).",,,,,,,
repeat,B,20,2,invalid_json,2.9728,"{
""label"": ""suspicious"",
""confidence"": 0.8,
""reason"": ""Установление PowerShell с параметром -EncodedCommand и исходящее соединение на внешний IP по порту 4444 является необычным поведением, которое может указывать на потенциальную атаку."",
""factual_correctness"": 2,
""completeness"": 2,
""instruction_following"": 2,
""relevance"": 2,
""hallucination"": false,
""basis"": {
""factual_correctness"": ""Основной вывод верен, так как использование PowerShell с параметром -EncodedCommand и исходящие соединения на внешний IP могут действительно указывать на потенциальную угрозу."",
""completeness"": ""Все обязательные элементы включены: метка события (suspicious), уровень уверенности (confidence) и объяснение (reason)."",
""instruction_following"": ""Инструкция соблюдена полностью: классифицировано событие как 'suspicious' с уровнем уверенности и коротким объяснением."",
""relevance"": ""Ответ сфокусирован на описании события, касающемся использования PowerShell и исходящих соединений.""
}
",,,,,,,
repeat,B,21,2,,1.6759,"{""factual_correctness"": 2, ""completeness"": 2, ""instruction_following"": 2, ""relevance"": 2, ""hallucination"": false, ""basis"": {""factual_correctness"": ""Описание события точно отражает событие, указывая на необычное время входа и неправильный department."", ""completeness"": ""Ответ включает mandatory elements: label, confidence score and reason for classification."", ""instruction_following"": ""Ответ соответствует формату JSON и ограничению по длине объяснения."", ""relevance"": ""Ответ сфокусирован на описании события и классификации его как 'suspicious'.""}}",2.0,2.0,2.0,2.0,False,"{""factual_correctness"": ""Описание события точно отражает событие, указывая на необычное время входа и неправильный department."", ""completeness"": ""Ответ включает mandatory elements: label, confidence score and reason for classification."", ""instruction_following"": ""Ответ соответствует формату JSON и ограничению по длине объяснения."", ""relevance"": ""Ответ сфокусирован на описании события и классификации его как 'suspicious'.""}",8.0
repeat,B,1,3,,1.8134,"{
""factual_correctness"": 2,
""completeness"": 2,
""instruction_following"": 2,
""relevance"": 2,
""hallucination"": false,
""basis"": {
""factual_correctness"": ""Объяснение точно отражает основную проблему, связанную с неудачей входа и последующим успешным входом."",
""completeness"": ""Все обязательные элементы включены: метка события, уровень уверенности и объяснение на основе существенных признаков."",
""instruction_following"": ""Ответ соответствует формату JSON и включает только необходимые поля."",
""relevance"": ""Ответ сфокусирован исключительно на классификации события как 'suspicious'.""
}
}",2.0,2.0,2.0,2.0,False,"{""factual_correctness"": ""Объяснение точно отражает основную проблему, связанную с неудачей входа и последующим успешным входом."", ""completeness"": ""Все обязательные элементы включены: метка события, уровень уверенности и объяснение на основе существенных признаков."", ""instruction_following"": ""Ответ соответствует формату JSON и включает только необходимые поля."", ""relevance"": ""Ответ сфокусирован исключительно на классификации события как 'suspicious'.""}",8.0
repeat,B,4,3,,2.2727,"{
""label"": ""suspicious"",
""confidence"": 0.6,
""reason"": ""Файл с запуском userом и неудавшееся удаление антивируса, что может указывать на потенциальную угрозу."",
""factual_correctness"": 2,
""completeness"": 2,
""instruction_following"": 2,
""relevance"": 2,
""hallucination"": false,
""basis"": {
""factual_correctness"": ""Ответ точно отражает характер файла как потенциально опасного"",
""completeness"": ""Объяснение кратко охватывает ключевые элементы: запуск и неудача антивируса"",
""instruction_following"": ""Инструкция соблюдена полностью, предоставлено JSON-ответ с необходимыми полями"",
""relevance"": ""Ответ сфокусирован на описании события, касаясь потенциальной угрозы""
}
}",2.0,2.0,2.0,2.0,False,"{""factual_correctness"": ""Ответ точно отражает характер файла как потенциально опасного"", ""completeness"": ""Объяснение кратко охватывает ключевые элементы: запуск и неудача антивируса"", ""instruction_following"": ""Инструкция соблюдена полностью, предоставлено JSON-ответ с необходимыми полями"", ""relevance"": ""Ответ сфокусирован на описании события, касаясь потенциальной угрозы""}",8.0
repeat,B,6,3,,2.0907,"{
""factual_correctness"": 2,
""completeness"": 2,
""instruction_following"": 1,
""relevance"": 2,
""hallucination"": false,
""basis"": {
""factual_correctness"": ""описание события соответствует фактам о том, что сканирование портов является обычной операцией в сетевой среде."",
""completeness"": ""Модель учла необходимые элементы: метку (label), уверенность (confidence) и причину (reason)."",
""instruction_following"": ""Ответ слегка не следует формату JSON из-за отсутствия точного типа данных для 'confidence'. Должна быть числовая степень, а не строковое значение."",
""relevance"": ""Ответ сфокусирован на описании состояния сканирования портов как нормального события.""
}
}",2.0,2.0,1.0,2.0,False,"{""factual_correctness"": ""описание события соответствует фактам о том, что сканирование портов является обычной операцией в сетевой среде."", ""completeness"": ""Модель учла необходимые элементы: метку (label), уверенность (confidence) и причину (reason)."", ""instruction_following"": ""Ответ слегка не следует формату JSON из-за отсутствия точного типа данных для 'confidence'. Должна быть числовая степень, а не строковое значение."", ""relevance"": ""Ответ сфокусирован на описании состояния сканирования портов как нормального события.""}",7.0
repeat,B,20,3,,2.5631,"{
""label"": ""suspicious"",
""confidence"": 0.8,
""reason"": ""Установление PowerShell с параметром -EncodedCommand и исходящее соединение на внешний IP по порту 4444 является необычным поведением, которое может быть связано с атакой или компрометацией."",
""factual_correctness"": 2,
""completeness"": 2,
""instruction_following"": 2,
""relevance"": 2,
""hallucination"": false,
""basis"": {
""factual_correctness"": ""Ответ точно отражает необычное поведение, описанное в исходном запросе."",
""completeness"": ""Объяснение включает метку, уровень уверенности и причину, все необходимые элементы присутствуют."",
""instruction_following"": ""Формат ответа соответствует инструкциям: JSON-объект с указанными полями."",
""relevance"": ""Ответ сфокусирован на классификации исходного события ИБ как 'suspicious'.""
}
}",2.0,2.0,2.0,2.0,False,"{""factual_correctness"": ""Ответ точно отражает необычное поведение, описанное в исходном запросе."", ""completeness"": ""Объяснение включает метку, уровень уверенности и причину, все необходимые элементы присутствуют."", ""instruction_following"": ""Формат ответа соответствует инструкциям: JSON-объект с указанными полями."", ""relevance"": ""Ответ сфокусирован на классификации исходного события ИБ как 'suspicious'.""}",8.0
repeat,B,21,3,,1.8083,"{
""factual_correctness"": 2,
""completeness"": 2,
""instruction_following"": 2,
""relevance"": 2,
""hallucination"": false,
""basis"": {
""factual_correctness"": ""Ответ точно отражает, что вход был успешным и в необычное время, с учетом истории подобных прошлых событий."",
""completeness"": ""Объяснение включает метку, уровень уверенности и причину без лишних деталей."",
""instruction_following"": ""Ответ соответствует формату JSON и сосредоточен на кратком объяснении события."",
""relevance"": ""Ответ сфокусирован исключительно на классификации входа как 'suspicious'.""
}
}",2.0,2.0,2.0,2.0,False,"{""factual_correctness"": ""Ответ точно отражает, что вход был успешным и в необычное время, с учетом истории подобных прошлых событий."", ""completeness"": ""Объяснение включает метку, уровень уверенности и причину без лишних деталей."", ""instruction_following"": ""Ответ соответствует формату JSON и сосредоточен на кратком объяснении события."", ""relevance"": ""Ответ сфокусирован исключительно на классификации входа как 'suspicious'.""}",8.0
