id,difficulty,expected,repeat,predicted,confidence,reason,format_ok,format_error,latency_s,input_tokens,output_tokens,raw
1,easy,normal,1,suspicious,0.85,Необычная последовательность неуспешного и успешного входа с одного IP в короткий промежуток времени может указывать на попытку атаки или ошибочного использования учетной записи.,True,,1.5718,394,73,"{""label"": ""suspicious"", ""confidence"": 0.85, ""reason"": ""Необычная последовательность неуспешного и успешного входа с одного IP в короткий промежуток времени может указывать на попытку атаки или ошибочного использования учетной записи.""}"
4,easy,suspicious,1,suspicious,0.95,"Файл с расширением .exe скрыт в папке загрузок и был запущен, что может указывать на угрозу.",True,,1.2318,401,57,"{""label"": ""suspicious"", ""confidence"": 0.95, ""reason"": ""Файл с расширением .exe скрыт в папке загрузок и был запущен, что может указывать на угрозу.""}"
6,easy,suspicious,1,normal,0.95,Сканирование портов является стандартной проверкой сети и не указывает на аномалию.,True,,0.9597,412,44,"{""label"": ""normal"", ""confidence"": 0.95, ""reason"": ""Сканирование портов является стандартной проверкой сети и не указывает на аномалию.""}"
20,medium,suspicious,1,suspicious,0.95,Запуск процесса WINWORD.EXE с параметром -EncodedCommand и установка исходящего соединения на внешний IP могут указывать на попытку эксплуатации Word для выполнения атаки или передачи данных.,True,,1.7725,408,83,"```json
{""label"": ""suspicious"", ""confidence"": 0.95, ""reason"": ""Запуск процесса WINWORD.EXE с параметром -EncodedCommand и установка исходящего соединения на внешний IP могут указывать на попытку эксплуатации Word для выполнения атаки или передачи данных.""}
```"
21,hard,normal,1,normal,0.95,"Успешный вход с MFA и из дома в авраловый период, который ранее был согласован, указывает на штатную активность.",True,,1.2545,418,58,"```json
{""label"": ""normal"", ""confidence"": 0.95, ""reason"": ""Успешный вход с MFA и из дома в авраловый период, который ранее был согласован, указывает на штатную активность.""}
```"
1,easy,normal,2,suspicious,0.85,Необычная последовательность неуспешного и успешного входа с одного IP может указывать на попытку аутентификации с подозрительными данными.,True,,1.3856,394,64,"{""label"": ""suspicious"", ""confidence"": 0.85, ""reason"": ""Необычная последовательность неуспешного и успешного входа с одного IP может указывать на попытку аутентификации с подозрительными данными.""}"
4,easy,suspicious,2,suspicious,0.95,"Файл с расширением .exe скрыт в папке загрузок и был запущен, что может указывать на умышленную или неумышленную попытку выполнить потенциально опасный код.",True,,1.6191,401,75,"{""label"": ""suspicious"", ""confidence"": 0.95, ""reason"": ""Файл с расширением .exe скрыт в папке загрузок и был запущен, что может указывать на умышленную или неумышленную попытку выполнить потенциально опасный код.""}"
6,easy,suspicious,2,normal,0.9,Сканирование портов является стандартной проверкой сети и может быть выполнено для мониторинга состояния сетевых устройств.,True,,1.2073,412,56,"```json
{""label"": ""normal"", ""confidence"": 0.9, ""reason"": ""Сканирование портов является стандартной проверкой сети и может быть выполнено для мониторинга состояния сетевых устройств.""}
```"
20,medium,suspicious,2,parse_error,,,False,invalid_json,1.6285,408,76,"```json
{""label"": ""suspicious"", ""confidence"": 0.95, ""reason"": ""Запуск WINWORD.EXE с параметром -EncodedCommand и установка исходящего соединения на внешний IP могут указывать на попытку эксплуатации Word для выполнения атаки远程代码执行"
21,hard,normal,2,normal,0.95,"Успешный вход сотрудника с MFA в аврал, который ранее был согласован.",True,,1.0035,418,45,"```json
{""label"": ""normal"", ""confidence"": 0.95, ""reason"": ""Успешный вход сотрудника с MFA в аврал, который ранее был согласован.""}
```"
1,easy,normal,3,suspicious,0.85,Необычная последовательность неуспешного и успешного входа с одного IP может указывать на попытку аутентификации или тестирование.,True,,1.2676,394,59,"{""label"": ""suspicious"", ""confidence"": 0.85, ""reason"": ""Необычная последовательность неуспешного и успешного входа с одного IP может указывать на попытку аутентификации или тестирование.""}"
4,easy,suspicious,3,suspicious,0.95,"Файл с расширением .exe скрыт в папке загрузок и был запущен, что может указывать на угрозу; антивирус не смог удалить его.",True,,1.442,401,67,"{""label"": ""suspicious"", ""confidence"": 0.95, ""reason"": ""Файл с расширением .exe скрыт в папке загрузок и был запущен, что может указывать на угрозу; антивирус не смог удалить его.""}"
6,easy,suspicious,3,normal,0.9,Сканирование портов является стандартной проверкой сети и не указывает на аномалию.,True,,1.0221,412,47,"```json
{""label"": ""normal"", ""confidence"": 0.9, ""reason"": ""Сканирование портов является стандартной проверкой сети и не указывает на аномалию.""}
```"
20,medium,suspicious,3,parse_error,,,False,invalid_json,1.6293,408,76,"```json
{""label"": ""suspicious"", ""confidence"": 0.95, ""reason"": ""Запуск WINWORD.EXE с параметром -EncodedCommand и установка исходящего соединения на внешний IP могут указывать на попытку эксплуатации Word для выполнения атаки远程代码执行"
21,hard,normal,3,normal,0.95,Успешный вход с MFA и из дома — штатная ситуация для сотрудника в аврале перед проектом.,True,,1.1486,418,53,"```json
{""label"": ""normal"", ""confidence"": 0.95, ""reason"": ""Успешный вход с MFA и из дома — штатная ситуация для сотрудника в аврале перед проектом.""}
```"
