id,difficulty,expected,predicted,confidence,reason,format_ok,format_error,latency_s,input_tokens,output_tokens,raw
1,easy,normal,suspicious,0.85,Необычная последовательность неуспешного и успешного входа с одного IP может указывать на попытку атаки или ошибочную активность пользователя.,True,,1.5175,394,62,"{""label"": ""suspicious"", ""confidence"": 0.85, ""reason"": ""Необычная последовательность неуспешного и успешного входа с одного IP может указывать на попытку атаки или ошибочную активность пользователя.""}"
2,easy,suspicious,suspicious,0.95,Неудачные попытки входа за короткий промежуток времени и успешный вход с нового IP могут указывать на атаку на учётную запись.,True,,1.4712,405,68,"```json
{""label"": ""suspicious"", ""confidence"": 0.95, ""reason"": ""Неудачные попытки входа за короткий промежуток времени и успешный вход с нового IP могут указывать на атаку на учётную запись.""}
```"
3,easy,normal,normal,1.0,Штатное плановое обновление ОС по расписанию через WSUS с нормальной перезагрузкой.,True,,1.1192,413,51,"```json
{""label"": ""normal"", ""confidence"": 1.0, ""reason"": ""Штатное плановое обновление ОС по расписанию через WSUS с нормальной перезагрузкой.""}
```"
4,easy,suspicious,suspicious,0.95,"Файл с расширением .exe скрыт в папке загрузок и был запущен пользователем, что может указывать на умышленное или неумышленное выполнение потенциально опасного кода.",True,,1.8201,401,79,"```json
{""label"": ""suspicious"", ""confidence"": 0.95, ""reason"": ""Файл с расширением .exe скрыт в папке загрузок и был запущен пользователем, что может указывать на умышленное или неумышленное выполнение потенциально опасного кода.""}
```"
5,easy,normal,normal,1.0,Смена пароля с подтверждением личности через SMS является штатной активностью.,True,,0.987,393,43,"{""label"": ""normal"", ""confidence"": 1.0, ""reason"": ""Смена пароля с подтверждением личности через SMS является штатной активностью.""}"
6,easy,suspicious,normal,0.95,Сканирование портов является стандартной проверкой сети и не указывает на атаку или компрометацию.,True,,1.1169,412,49,"{""label"": ""normal"", ""confidence"": 0.95, ""reason"": ""Сканирование портов является стандартной проверкой сети и не указывает на атаку или компрометацию.""}"
7,easy,normal,normal,1.0,Открытие приложения 1С в рабочее время для сотрудника отдела кадров является штатной активностью.,True,,1.1623,406,51,"{""label"": ""normal"", ""confidence"": 1.0, ""reason"": ""Открытие приложения 1С в рабочее время для сотрудника отдела кадров является штатной активностью.""}"
8,easy,suspicious,suspicious,0.95,Переименование большого количества файлов с добавлением необычного расширения и создание файла README_DECRYPT.txt указывает на возможный шифровальныйransomware-атаку.,True,,1.7126,406,76,"```json
{""label"": ""suspicious"", ""confidence"": 0.95, ""reason"": ""Переименование большого количества файлов с добавлением необычного расширения и создание файла README_DECRYPT.txt указывает на возможный шифровальныйransomware-атаку.""}
```"
9,easy,normal,normal,1.0,Резервное копирование базы данных завершилось успешно по расписанию и без нарушений.,True,,1.0945,413,46,"{""label"": ""normal"", ""confidence"": 1.0, ""reason"": ""Резервное копирование базы данных завершилось успешно по расписанию и без нарушений.""}"
10,easy,suspicious,suspicious,0.95,Создание учетной записи администратора без заявки и участие сервисного принтера в этом процессе выглядит подозрительно.,True,,1.4205,412,55,"{""label"": ""suspicious"", ""confidence"": 0.95, ""reason"": ""Создание учетной записи администратора без заявки и участие сервисного принтера в этом процессе выглядит подозрительно.""}"
11,medium,normal,normal,1.0,"Администратор вошёл на сервер в согласованное время по заявке, что подтверждает штатную активность.",True,,1.2799,414,54,"```json
{""label"": ""normal"", ""confidence"": 1.0, ""reason"": ""Администратор вошёл на сервер в согласованное время по заявке, что подтверждает штатную активность.""}
```"
12,medium,suspicious,suspicious,0.85,Успешные входы из разных географических регионов с коротким интервалом времени и отсутствие MFA могут указывать на попытку атаки или фишинга.,True,,1.7505,405,75,"```json
{""label"": ""suspicious"", ""confidence"": 0.85, ""reason"": ""Успешные входы из разных географических регионов с коротким интервалом времени и отсутствие MFA могут указывать на попытку атаки или фишинга.""}
```"
13,medium,normal,normal,0.95,"Пользователь после отпуска несколько раз неверно ввёл пароль, затем успешно вошёл и сменил его. Это может быть штатная активность при попытках входа после длительного отсутствия.",True,,1.8387,405,80,"```json
{""label"": ""normal"", ""confidence"": 0.95, ""reason"": ""Пользователь после отпуска несколько раз неверно ввёл пароль, затем успешно вошёл и сменил его. Это может быть штатная активность при попытках входа после длительного отсутствия.""}
```"
14,medium,suspicious,suspicious,0.85,Скачивание значительного объёма данных и использование личного USB-накопителя необычно для обычной деятельности бухгалтера.,True,,1.3723,427,58,"{""label"": ""suspicious"", ""confidence"": 0.85, ""reason"": ""Скачивание значительного объёма данных и использование личного USB-накопителя необычно для обычной деятельности бухгалтера.""}"
15,medium,normal,normal,1.0,Событие является частью штатной активности по тестированию системы на уязвимости в рамках согласованного плана.,True,,1.283,410,51,"{""label"": ""normal"", ""confidence"": 1.0, ""reason"": ""Событие является частью штатной активности по тестированию системы на уязвимости в рамках согласованного плана.""}"
16,medium,suspicious,suspicious,0.95,Необычная регулярность запросов и длина ответов может указывать на скрытую активность или тестирование системы.,True,,1.2909,421,56,"```json
{""label"": ""suspicious"", ""confidence"": 0.95, ""reason"": ""Необычная регулярность запросов и длина ответов может указывать на скрытую активность или тестирование системы.""}
```"
17,medium,normal,normal,0.95,VPN-подключение соответствует заявке на командировку и прошло MFA.,True,,0.948,411,39,"{""label"": ""normal"", ""confidence"": 0.95, ""reason"": ""VPN-подключение соответствует заявке на командировку и прошло MFA.""}"
18,medium,suspicious,suspicious,0.95,Неизвестное устройство и необычно высокое количество отправленных писем с одинаковой ссылкой указывают на возможную компрометацию учётной записи или социальной инженерию.,True,,1.6395,415,76,"```json
{""label"": ""suspicious"", ""confidence"": 0.95, ""reason"": ""Неизвестное устройство и необычно высокое количество отправленных писем с одинаковой ссылкой указывают на возможную компрометацию учётной записи или социальной инженерию.""}
```"
19,medium,normal,normal,1.0,Разработчик запустил PowerShell-скрипт на своей рабочей станции с использованием корпоративного сертификата в рамках штатной деятельности по сборке проекта.,True,,1.5285,413,71,"```json
{""label"": ""normal"", ""confidence"": 1.0, ""reason"": ""Разработчик запустил PowerShell-скрипт на своей рабочей станции с использованием корпоративного сертификата в рамках штатной деятельности по сборке проекта.""}
```"
20,medium,suspicious,parse_error,,,False,invalid_json,1.7727,408,83,"```json
{""label"": ""suspicious"", ""confidence"": 0.95, ""reason"": ""Запуск процесса WINWORD.EXE с параметром -EncodedCommand и установка исходящего соединения на внешний IP могут указывать на попытку эксплуатации Word для выполнения атаки по типу鱼
HeaderCode"
21,hard,normal,normal,0.95,"Успешный вход сотрудника с MFA в рамках аврала перед проектной сдачей, что соответствует штатным условиям.",True,,1.2367,418,57,"```json
{""label"": ""normal"", ""confidence"": 0.95, ""reason"": ""Успешный вход сотрудника с MFA в рамках аврала перед проектной сдачей, что соответствует штатным условиям.""}
```"
22,hard,suspicious,suspicious,0.95,Неудачные попытки входа с разных IP-адресов и успешный вход после них могут указывать на атаку на слабую учётную запись администратора.,True,,1.5277,419,71,"```json
{""label"": ""suspicious"", ""confidence"": 0.95, ""reason"": ""Неудачные попытки входа с разных IP-адресов и успешный вход после них могут указывать на атаку на слабую учётную запись администратора.""}
```"
23,hard,normal,normal,0.95,Автоматическая блокировка и разблокировка учётной записи по запросу поддержки с проверкой личности указывают на штатную ситуацию.,True,,1.3533,433,62,"```json
{""label"": ""normal"", ""confidence"": 0.95, ""reason"": ""Автоматическая блокировка и разблокировка учётной записи по запросу поддержки с проверкой личности указывают на штатную ситуацию.""}
```"
24,hard,suspicious,suspicious,0.95,"Сотрудник, подавший заявление об увольнении недавно, скопировал значительный объем данных в рабочее время, что может указывать на подготовку к компрометации или утечке информации.",True,,1.6341,418,76,"{""label"": ""suspicious"", ""confidence"": 0.95, ""reason"": ""Сотрудник, подавший заявление об увольнении недавно, скопировал значительный объем данных в рабочее время, что может указывать на подготовку к компрометации или утечке информации.""}"
25,hard,normal,normal,1.0,Файл mimikatz.exe был обнаружен антивирусом в рамках согласованной работы по тестированию на проникновение.,True,,1.2352,425,57,"```json
{""label"": ""normal"", ""confidence"": 1.0, ""reason"": ""Файл mimikatz.exe был обнаружен антивирусом в рамках согласованной работы по тестированию на проникновение.""}
```"
26,hard,suspicious,suspicious,0.95,Интерактивный вход службы на рабочую станцию директора является необычным действием и может указывать на атаку или компрометацию учётной записи.,True,,1.4871,416,69,"```json
{""label"": ""suspicious"", ""confidence"": 0.95, ""reason"": ""Интерактивный вход службы на рабочую станцию директора является необычным действием и может указывать на атаку или компрометацию учётной записи.""}
```"
27,hard,normal,normal,1.0,"Отправка файла с объяснением — прайс-лист, который уже опубликован на сайте, не указывает на аномалии или угрозы.",True,,1.3659,408,63,"```json
{""label"": ""normal"", ""confidence"": 1.0, ""reason"": ""Отправка файла с объяснением — прайс-лист, который уже опубликован на сайте, не указывает на аномалии или угрозы.""}
```"
28,hard,suspicious,suspicious,0.95,"Остановка службы журналирования событий вручную с использованием учетной записи, не входящей в группу администраторов ИБ, может указывать на попытку скрыть информацию или нарушить политику безопасности.",True,,1.7966,421,84,"```json
{""label"": ""suspicious"", ""confidence"": 0.95, ""reason"": ""Остановка службы журналирования событий вручную с использованием учетной записи, не входящей в группу администраторов ИБ, может указывать на попытку скрыть информацию или нарушить политику безопасности.""}
```"
29,hard,normal,normal,0.95,Событие указывает на штатную активность: новый смартфон зарегистрирован в MDM и прошёл MFA.,True,,1.1312,427,52,"{""label"": ""normal"", ""confidence"": 0.95, ""reason"": ""Событие указывает на штатную активность: новый смартфон зарегистрирован в MDM и прошёл MFA.""}"
30,hard,suspicious,suspicious,0.95,Неуспешный вход в учётную запись генерального директора и отправка письма сброса пароля могут указывать на попытку атаки или компрометации.,True,,1.5093,425,70,"{""label"": ""suspicious"", ""confidence"": 0.95, ""reason"": ""Неуспешный вход в учётную запись генерального директора и отправка письма сброса пароля могут указывать на попытку атаки или компрометации.""}"
