Показатель,Модель A,Модель B,Лучший результат
Accuracy,0.900,0.800,A
Precision (suspicious),0.929,0.800,A
Recall (suspicious),0.867,0.800,A
F1 (suspicious),0.897,0.800,A
"Format compliance, %",96.7,100.0,B
"Hallucination rate, % (ручная)",10.0,10.0,равно
Средняя ручная оценка / 8,7.20,6.80,A
"Средняя latency, с",1.41,1.66,A
"Медианная latency, с",1.40,1.67,A
"p95 latency, с",1.81,2.24,A
Входные токены,12 394,12 745,A
Выходные токены,1 884,1 603,B
Оценочная стоимость теста,не рассчитывалась,не рассчитывалась,—
