test_id,prompt_version,correctness_0_2,format_0_2,completeness_0_2,uncertainty_handling_0_2,robustness_0_2,total,comment
T1,prompt_v1,,,,,,
T1,prompt_v2,,,,,,
T1,prompt_v3,,,,,,
T2,prompt_v1,,,,,,
T2,prompt_v2,,,,,,
T2,prompt_v3,,,,,,
T3,prompt_v1,,,,,,
T3,prompt_v2,,,,,,
T3,prompt_v3,,,,,,
T4,prompt_v1,,,,,,
T4,prompt_v2,,,,,,
T4,prompt_v3,,,,,,
T5,prompt_v1,,,,,,
T5,prompt_v2,,,,,,
T5,prompt_v3,,,,,,
T6,prompt_v1,,,,,,
T6,prompt_v2,,,,,,
T6,prompt_v3,,,,,,
T7,prompt_v1,,,,,,
T7,prompt_v2,,,,,,
T7,prompt_v3,,,,,,
T8,prompt_v1,,,,,,
T8,prompt_v2,,,,,,
T8,prompt_v3,,,,,,
T9,prompt_v1,,,,,,
T9,prompt_v2,,,,,,
T9,prompt_v3,,,,,,
T10,prompt_v1,,,,,,
T10,prompt_v2,,,,,,
T10,prompt_v3,,,,,,
